"MESSAGE_ID","SESSION_ID","TURN_INDEX","ROLE","CONTENT","SQL_TEXT","RESULT_JSON","ROW_COUNT","LATENCY_MS","CREATED_AT"
118,1003,0,"user","How many shipments are pending?","","","","","2026-08-18 04:30:07.595"
119,1003,1,"assistant","**COUNT(*):** 0","SELECT COUNT(*)
FROM MENDIX_APP.AGENTS.BILL_OF_LADING
WHERE STATUS = 'Pending' LIMIT 20","",1,2402,"2026-08-18 04:30:10.896"
120,1003,2,"user","How many shipments are pending?","","","","","2026-08-18 04:31:01.210"
121,1003,3,"assistant","**COUNT(*):** 1195","SELECT COUNT(*)
FROM MENDIX_APP.AGENTS.BILL_OF_LADING
WHERE STATUS = 'Pending_Review' LIMIT 20","",1,2777,"2026-08-18 04:31:04.812"
122,1003,4,"user","Top 5 carriers by revenue","","","","","2026-08-18 04:32:53.156"
123,1003,5,"assistant","","SELECT
    CARRIER_NAME,
    SUM(TOTAL_CHARGES) AS TOTAL_REVENUE
FROM
    MENDIX_APP.AGENTS.BILL_OF_LADING
GROUP BY
    CARRIER_NAME
ORDER BY
    TOTAL_REVENUE DESC
LIMIT 5","[{""CARRIER_NAME"":null,""TOTAL_REVENUE"":null},{""CARRIER_NAME"":""MAERSK"",""TOTAL_REVENUE"":15028216.0},{""CARRIER_NAME"":""MSC"",""TOTAL_REVENUE"":9709867.0},{""CARRIER_NAME"":""HAPAG_LLOYD"",""TOTAL_REVENUE"":6305042.0},{""CARRIER_NAME"":""COSCO"",""TOTAL_REVENUE"":6277396.0}]",5,16946,"2026-08-18 04:33:10.900"
124,1003,6,"user","Recent SAP postings","","","","","2026-08-18 04:33:15.300"
125,1003,7,"assistant","","SELECT
    B.BL_NUMBER,
    B.CARRIER_NAME,
    B.VESSEL_NAME,
    B.PORT_OF_LOADING_LOCODE,
    B.PORT_OF_DISCHARGE_LOCODE,
    B.ETD,
    B.ETA,
    B.CONTAINER_NUMBER,
    B.COMMODITY_DESCRIPTION,
    B.GROSS_WEIGHT_KGS,
    B.TOTAL_CHARGES,
    B.STATUS,
    B.PAYMENT_STATUS,
    B.SHIPPER_NAME,
    B.CONSIGNEE_NAME,
    B.CREATED_AT,
    S.SAP_DOCUMENT_NUMBER,
    S.COMPANY_CODE,
    S.FISCAL_YEAR,
    S.POSTING_DATE,
    S.DOCUMENT_TYPE,
    S.REFERENCE,
    S.CURRENCY_CODE,
    S.TOTAL_AMOUNT,
    S.CREATED_AT AS SAP_CREATED_AT
FROM
    MENDIX_APP.AGENTS.BILL_OF_LADING B
JOIN
    MENDIX_APP.AGENTS.SAP_FI_DOCUMENT S
ON
    B.BL_ID = S.BL_ID
WHERE
    B.STATUS = 'SAP_POSTED'
ORDER BY
    S.CREATED_AT DESC
LIMIT 20","[{""BL_NUMBER"":""CMDU09173"",""CARRIER_NAME"":""MAERSK"",""VESSEL_NAME"":""CMA CGM ANTOINE"",""PORT_OF_LOADING_LOCODE"":""CNSHA"",""PORT_OF_DISCHARGE_LOCODE"":""BEANR"",""ETD"":""2026-01-13T00:00:00.000"",""ETA"":""2026-01-30T00:00:00.000"",""CONTAINER_NUMBER"":""CMDU6288579"",""COMMODITY_DESCRIPTION"":""Mobile phones and telecom"",""GROSS_WEIGHT_KGS"":14594.0,""TOTAL_CHARGES"":8435.0,""STATUS"":""SAP_POSTED"",""PAYMENT_STATUS"":""UNPAID"",""SHIPPER_NAME"":""Phong Phu Garment"",""CONSIGNEE_NAME"":""Home Depot"",""CREATED_AT"":""2026-07-05T20:12:38.489"",""SAP_DOCUMENT_NUMBER"":""5000009167"",""COMPANY_CODE"":""1000"",""FISCAL_YEAR"":2026,""POSTING_DATE"":""2026-08-17T00:00:00.000"",""DOCUMENT_TYPE"":""RE"",""REFERENCE"":null,""CURRENCY_CODE"":""USD"",""TOTAL_AMOUNT"":8435.0,""SAP_CREATED_AT"":""2026-08-17T22:32:16.563""},{""BL_NUMBER"":""ONEY09918"",""CARRIER_NAME"":""MAERSK"",""VESSEL_NAME"":""YANG MING UNITY"",""PORT_OF_LOADING_LOCODE"":""HKHKG"",""PORT_OF_DISCHARGE_LOCODE"":""JPTYO"",""ETD"":""2025-11-28T00:00:00.000"",""ETA"":""2025-12-22T00:00:00.000"",""CONTAINER_NUMBER"":""ONEY9908488"",""COMMODITY_DESCRIPTION"":""Plastic sheets"",""GROSS_WEIGHT_KGS"":44376.0,""TOTAL_CHARGES"":3818.0,""STATUS"":""SAP_POSTED"",""PAYMENT_STATUS"":""UNPAID"",""SHIPPER_NAME"":""Phong Phu Garment"",""CONSIGNEE_NAME"":""Lotte Corp"",""CREATED_AT"":""2026-07-05T03:12:38.489"",""SAP_DOCUMENT_NUMBER"":""5000009912"",""COMPANY_CODE"":""1000"",""FISCAL_YEAR"":2026,""POSTING_DATE"":""2026-08-16T00:00:00.000"",""DOCUMENT_TYPE"":""RE"",""REFERENCE"":null,""CURRENCY_CODE"":""USD"",""TOTAL_AMOUNT"":3818.0,""SAP_CREATED_AT"":""2026-08-16T23:22:28.661""},{""BL_NUMBER"":""ONEY09742"",""CARRIER_NAME"":""MAERSK"",""VESSEL_NAME"":""WAN HAI 506"",""PORT_OF_LOADING_LOCODE"":""DEHAM"",""PORT_OF_DISCHARGE_LOCODE"":""KRPUS"",""ETD"":""2026-02-24T00:00:00.000"",""ETA"":""2026-04-10T00:00:00.000"",""CONTAINER_NUMBER"":""ONEY9407284"",""COMMODITY_DESCRIPTION"":""Furniture seats"",""GROSS_WEIGHT_KGS"":44378.0,""TOTAL_CHARGES"":8434.0,""STATUS"":""SAP_POSTED"",""PAYMENT_STATUS"":""PAID"",""SHIPPER_NAME"":""LG Display Vietnam"",""CONSIGNEE_NAME"":""Lotte Corp"",""CREATED_AT"":""2026-06-30T05:12:38.489"",""SAP_DOCUMENT_NUMBER"":""5000009736"",""COMPANY_CODE"":""1000"",""FISCAL_YEAR"":2026,""POSTING_DATE"":""2026-08-16T00:00:00.000"",""DOCUMENT_TYPE"":""RE"",""REFERENCE"":null,""CURRENCY_CODE"":""USD"",""TOTAL_AMOUNT"":8434.0,""SAP_CREATED_AT"":""2026-08-16T22:55:56.729""},{""BL_NUMBER"":""HLCU00205"",""CARRIER_NAME"":""COSCO"",""VESSEL_NAME"":""SITC NAGOYA"",""PORT_OF_LOADING_LOCODE"":""BEANR"",""PORT_OF_DISCHARGE_LOCODE"":""INMUN"",""ETD"":""2025-12-29T00:00:00.000"",""ETA"":""2026-01-24T00:00:00.000"",""CONTAINER_NUMBER"":""HLCU3701576"",""COMMODITY_DESCRIPTION"":""Plastic sheets"",""GROSS_WEIGHT_KGS"":44387.0,""TOTAL_CHARGES"":5542.0,""STATUS"":""SAP_POSTED"",""PAYMENT_STATUS"":""UNPAID"",""SHIPPER_NAME"":""Viettel Electronics"",""CONSIGNEE_NAME"":""Lotte Corp"",""CREATED_AT"":""2026-07-07T15:12:38.489"",""SAP_DOCUMENT_NUMBER"":""5000000195"",""COMPANY_CODE"":""1000"",""FISCAL_YEAR"":2026,""POSTING_DATE"":""2026-08-16T00:00:00.000"",""DOCUMENT_TYPE"":""RE"",""REFERENCE"":null,""CURRENCY_CODE"":""USD"",""TOTAL_AMOUNT"":5542.0,""SAP_CREATED_AT"":""2026-08-16T21:34:34.608""},{""BL_NUMBER"":""HLCU05481"",""CARRIER_NAME"":""COSCO"",""VESSEL_NAME"":""PIL PACIFIC"",""PORT_OF_LOADING_LOCODE"":""USNYC"",""PORT_OF_DISCHARGE_LOCODE"":""VNHPH"",""ETD"":""2025-11-01T00:00:00.000"",""ETA"":""2025-12-08T00:00:00.000"",""CONTAINER_NUMBER"":""HLCU1579308"",""COMMODITY_DESCRIPTION"":""Printed books"",""GROSS_WEIGHT_KGS"":44456.0,""TOTAL_CHARGES"":5522.0,""STATUS"":""SAP_POSTED"",""PAYMENT_STATUS"":""UNPAID"",""SHIPPER_NAME"":""Panasonic Vietnam"",""CONSIGNEE_NAME"":""Tech Solutions GmbH"",""CREATED_AT"":""2026-06-27T13:12:38.489"",""SAP_DOCUMENT_NUMBER"":""5000005475"",""COMPANY_CODE"":""1000"",""FISCAL_YEAR"":2026,""POSTING_DATE"":""2026-08-02T00:00:00.000"",""DOCUMENT_TYPE"":""RE"",""REFERENCE"":null,""CURRENCY_CODE"":""USD"",""TOTAL_AMOUNT"":5522.0,""SAP_CREATED_AT"":""2026-08-02T03:23:59.854""},{""BL_NUMBER"":""ONEY09879"",""CARRIER_NAME"":""MSC"",""VESSEL_NAME"":""OOCL JAPAN"",""PORT_OF_LOADING_LOCODE"":""CNNGB"",""PORT_OF_DISCHARGE_LOCODE"":""CNNGB"",""ETD"":""2025-07-20T00:00:00.000"",""ETA"":""2025-08-02T00:00:00.000"",""CONTAINER_NUMBER"":""ONEY6920764"",""COMMODITY_DESCRIPTION"":""Motor vehicles"",""GROSS_WEIGHT_KGS"":44461.0,""TOTAL_CHARGES"":4509.0,""STATUS"":""SAP_POSTED"",""PAYMENT_STATUS"":""PAID"",""SHIPPER_NAME"":""Samsung Vietnam"",""CONSIGNEE_NAME"":""Lotte Corp"",""CREATED_AT"":""2026-07-04T15:12:38.489"",""SAP_DOCUMENT_NUMBER"":""5000009873"",""COMPANY_CODE"":""1000"",""FISCAL_YEAR"":2026,""POSTING_DATE"":""2026-08-02T00:00:00.000"",""DOCUMENT_TYPE"":""RE"",""REFERENCE"":null,""CURRENCY_CODE"":""USD"",""TOTAL_AMOUNT"":4509.0,""SAP_CREATED_AT"":""2026-08-02T01:37:49.400""},{""BL_NUMBER"":""OOLU05060"",""CARRIER_NAME"":""COSCO"",""VESSEL_NAME"":""ZIM SAMMY OFER"",""PORT_OF_LOADING_LOCODE"":""THLCH"",""PORT_OF_DISCHARGE_LOCODE"":""USLGB"",""ETD"":""2026-06-04T00:00:00.000"",""ETA"":""2026-07-04T00:00:00.000"",""CONTAINER_NUMBER"":""OOLU6790390"",""COMMODITY_DESCRIPTION"":""Mobile phones and telecom"",""GROSS_WEIGHT_KGS"":44463.0,""TOTAL_CHARGES"":2867.0,""STATUS"":""SAP_POSTED"",""PAYMENT_STATUS"":""UNPAID"",""SHIPPER_NAME"":""Samsung Vietnam"",""CONSIGNEE_NAME"":""Home Depot"",""CREATED_AT"":""2026-06-20T12:12:38.489"",""SAP_DOCUMENT_NUMBER"":""5000005054"",""COMPANY_CODE"":""1000"",""FISCAL_YEAR"":2026,""POSTING_DATE"":""2026-08-02T00:00:00.000"",""DOCUMENT_TYPE"":""RE"",""REFERENCE"":null,""CURRENCY_CODE"":""USD"",""TOTAL_AMOUNT"":2867.0,""SAP_CREATED_AT"":""2026-08-02T01:36:37.806""},{""BL_NUMBER"":""MAEU07229"",""CARRIER_NAME"":""CMA_CGM"",""VESSEL_NAME"":""SAMUDERA TIMUR"",""PORT_OF_LOADING_LOCODE"":""USLGB"",""PORT_OF_DISCHARGE_LOCODE"":""CNNGB"",""ETD"":""2025-12-05T00:00:00.000"",""ETA"":""2025-12-27T00:00:00.000"",""CONTAINER_NUMBER"":""MAEU9773073"",""COMMODITY_DESCRIPTION"":""Steel flat-rolled"",""GROSS_WEIGHT_KGS"":32806.0,""TOTAL_CHARGES"":3947.0,""STATUS"":""SAP_POSTED"",""PAYMENT_STATUS"":""UNPAID"",""SHIPPER_NAME"":""Trung Nguyen Coffee"",""CONSIGNEE_NAME"":""Amazon Logistics"",""CREATED_AT"":""2026-07-16T09:12:38.489"",""SAP_DOCUMENT_NUMBER"":""5000007223"",""COMPANY_CODE"":""1000"",""FISCAL_YEAR"":2026,""POSTING_DATE"":""2026-08-02T00:00:00.000"",""DOCUMENT_TYPE"":""RE"",""REFERENCE"":null,""CURRENCY_CODE"":""USD"",""TOTAL_AMOUNT"":3947.0,""SAP_CREATED_AT"":""2026-08-02T01:18:17.308""},{""BL_NUMBER"":""CMDU09869"",""CARRIER_NAME"":""MSC"",""VESSEL_NAME"":""SAMUDERA TIMUR"",""PORT_OF_LOADING_LOCODE"":""USLGB"",""PORT_OF_DISCHARGE_LOCODE"":""NLRTM"",""ETD"":""2025-09-28T00:00:00.000"",""ETA"":""2025-10-07T00:00:00.000"",""CONTAINER_NUMBER"":""CMDU8847866"",""COMMODITY_DESCRIPTION"":""Toys"",""GROSS_WEIGHT_KGS"":35785.0,""TOTAL_CHARGES"":4271.0,""STATUS"":""SAP_POSTED"",""PAYMENT_STATUS"":""UNPAID"",""SHIPPER_NAME"":""ABC Electronics Vietnam"",""CONSIGNEE_NAME"":""Lotte Corp"",""CREATED_AT"":""2026-07-17T23:12:38.489"",""SAP_DOCUMENT_NUMBER"":""5000009863"",""COMPANY_CODE"":""1000"",""FISCAL_YEAR"":2026,""POSTING_DATE"":""2026-08-02T00:00:00.000"",""DOCUMENT_TYPE"":""RE"",""REFERENCE"":null,""CURRENCY_CODE"":""USD"",""TOTAL_AMOUNT"":4271.0,""SAP_CREATED_AT"":""2026-08-02T01:18:07.748""},{""BL_NUMBER"":""OOLU00428"",""CARRIER_NAME"":""MSC"",""VESSEL_NAME"":""RCL PIONEER"",""PORT_OF_LOADING_LOCODE"":""MYPKG"",""PORT_OF_DISCHARGE_LOCODE"":""CNNGB"",""ETD"":""2026-07-16T00:00:00.000"",""ETA"":""2026-08-15T00:00:00.000"",""CONTAINER_NUMBER"":""OOLU9490675"",""COMMODITY_DESCRIPTION"":""Toys"",""GROSS_WEIGHT_KGS"":44301.0,""TOTAL_CHARGES"":4932.0,""STATUS"":""SAP_POSTED"",""PAYMENT_STATUS"":""UNPAID"",""SHIPPER_NAME"":""Foxconn Vietnam"",""CONSIGNEE_NAME"":""Tesco PLC"",""CREATED_AT"":""2026-07-17T09:12:38.489"",""SAP_DOCUMENT_NUMBER"":""5000000418"",""COMPANY_CODE"":""1000"",""FISCAL_YEAR"":2026,""POSTING_DATE"":""2026-08-02T00:00:00.000"",""DOCUMENT_TYPE"":""RE"",""REFERENCE"":null,""CURRENCY_CODE"":""USD"",""TOTAL_AMOUNT"":4932.0,""SAP_CREATED_AT"":""2026-08-02T01:18:00.009""},{""BL_NUMBER"":""EGLV03046"",""CARRIER_NAME"":""MSC"",""VESSEL_NAME"":""TS LINES COURAGE"",""PORT_OF_LOADING_LOCODE"":""VNHPH"",""PORT_OF_DISCHARGE_LOCODE"":""AEJEA"",""ETD"":""2026-07-12T00:00:00.000"",""ETA"":""2026-08-23T00:00:00.000"",""CONTAINER_NUMBER"":""EGLV6625509"",""COMMODITY_DESCRIPTION"":""Motor vehicles"",""GROSS_WEIGHT_KGS"":36970.0,""TOTAL_CHARGES"":5765.0,""STATUS"":""SAP_POSTED"",""PAYMENT_STATUS"":""PAID"",""SHIPPER_NAME"":""Adidas Sourcing Ltd"",""CONSIGNEE_NAME"":""Carrefour SA"",""CREATED_AT"":""2026-07-17T08:12:38.489"",""SAP_DOCUMENT_NUMBER"":""5000003036"",""COMPANY_CODE"":""1000"",""FISCAL_YEAR"":2026,""POSTING_DATE"":""2026-08-02T00:00:00.000"",""DOCUMENT_TYPE"":""RE"",""REFERENCE"":null,""CURRENCY_CODE"":""USD"",""TOTAL_AMOUNT"":5765.0,""SAP_CREATED_AT"":""2026-08-02T01:17:52.297""},{""BL_NUMBER"":""MAEU05015"",""CARRIER_NAME"":""MSC"",""VESSEL_NAME"":""COSCO SHIPPING UNIVERSE"",""PORT_OF_LOADING_LOCODE"":""VNHPH"",""PORT_OF_DISCHARGE_LOCODE"":""CNSHA"",""ETD"":""2025-11-09T00:00:00.000"",""ETA"":""2025-12-07T00:00:00.000"",""CONTAINER_NUMBER"":""MAEU5519100"",""COMMODITY_DESCRIPTION"":""Petroleum products"",""GROSS_WEIGHT_KGS"":31152.0,""TOTAL_CHARGES"":3940.0,""STATUS"":""SAP_POSTED"",""PAYMENT_STATUS"":""UNPAID"",""SHIPPER_NAME"":""Adidas Sourcing Ltd"",""CONSIGNEE_NAME"":""Asian Foods LLC"",""CREATED_AT"":""2026-07-17T08:12:38.489"",""SAP_DOCUMENT_NUMBER"":""5000005009"",""COMPANY_CODE"":""1000"",""FISCAL_YEAR"":2026,""POSTING_DATE"":""2026-08-02T00:00:00.000"",""DOCUMENT_TYPE"":""RE"",""REFERENCE"":null,""CURRENCY_CODE"":""USD"",""TOTAL_AMOUNT"":3940.0,""SAP_CREATED_AT"":""2026-08-02T01:17:44.345""},{""BL_NUMBER"":""APZU05833"",""CARRIER_NAME"":""MSC"",""VESSEL_NAME"":""CMA CGM ANTOINE"",""PORT_OF_LOADING_LOCODE"":""CNNGB"",""PORT_OF_DISCHARGE_LOCODE"":""GBFXT"",""ETD"":""2026-03-13T00:00:00.000"",""ETA"":""2026-03-22T00:00:00.000"",""CONTAINER_NUMBER"":""APZU5603875"",""COMMODITY_DESCRIPTION"":""Motor vehicles"",""GROSS_WEIGHT_KGS"":35722.0,""TOTAL_CHARGES"":6814.0,""STATUS"":""SAP_POSTED"",""PAYMENT_STATUS"":""UNPAID"",""SHIPPER_NAME"":""Intel Products Vietnam"",""CONSIGNEE_NAME"":""Lotte Corp"",""CREATED_AT"":""2026-07-17T03:12:38.489"",""SAP_DOCUMENT_NUMBER"":""5000005827"",""COMPANY_CODE"":""1000"",""FISCAL_YEAR"":2026,""POSTING_DATE"":""2026-08-02T00:00:00.000"",""DOCUMENT_TYPE"":""RE"",""REFERENCE"":null,""CURRENCY_CODE"":""USD"",""TOTAL_AMOUNT"":6814.0,""SAP_CREATED_AT"":""2026-08-02T01:17:36.338""},{""BL_NUMBER"":""YMLU06773"",""CARRIER_NAME"":""MSC"",""VESSEL_NAME"":""CMA CGM ANTOINE"",""PORT_OF_LOADING_LOCODE"":""USLGB"",""PORT_OF_DISCHARGE_LOCODE"":""AEJEA"",""ETD"":""2026-05-21T00:00:00.000"",""ETA"":""2026-05-29T00:00:00.000"",""CONTAINER_NUMBER"":""YMLU8792248"",""COMMODITY_DESCRIPTION"":""T-shirts knitted"",""GROSS_WEIGHT_KGS"":35722.0,""TOTAL_CHARGES"":6548.0,""STATUS"":""SAP_POSTED"",""PAYMENT_STATUS"":""PAID"",""SHIPPER_NAME"":""LG Display Vietnam"",""CONSIGNEE_NAME"":""Metro AG"",""CREATED_AT"":""2026-07-17T02:12:38.489"",""SAP_DOCUMENT_NUMBER"":""5000006767"",""COMPANY_CODE"":""1000"",""FISCAL_YEAR"":2026,""POSTING_DATE"":""2026-08-02T00:00:00.000"",""DOCUMENT_TYPE"":""RE"",""REFERENCE"":null,""CURRENCY_CODE"":""USD"",""TOTAL_AMOUNT"":6548.0,""SAP_CREATED_AT"":""2026-08-02T01:17:28.394""},{""BL_NUMBER"":""HLCU00442"",""CARRIER_NAME"":""MSC"",""VESSEL_NAME"":""WAN HAI 506"",""PORT_OF_LOADING_LOCODE"":""THLCH"",""PORT_OF_DISCHARGE_LOCODE"":""DEHAM"",""ETD"":""2026-06-08T00:00:00.000"",""ETA"":""2026-07-10T00:00:00.000"",""CONTAINER_NUMBER"":""HLCU2715813"",""COMMODITY_DESCRIPTION"":""Monitors"",""GROSS_WEIGHT_KGS"":35512.0,""TOTAL_CHARGES"":6228.0,""STATUS"":""SAP_POSTED"",""PAYMENT_STATUS"":""UNPAID"",""SHIPPER_NAME"":""Foxconn Vietnam"",""CONSIGNEE_NAME"":""Tesco PLC"",""CREATED_AT"":""2026-07-17T02:12:38.489"",""SAP_DOCUMENT_NUMBER"":""5000000432"",""COMPANY_CODE"":""1000"",""FISCAL_YEAR"":2026,""POSTING_DATE"":""2026-08-02T00:00:00.000"",""DOCUMENT_TYPE"":""RE"",""REFERENCE"":null,""CURRENCY_CODE"":""USD"",""TOTAL_AMOUNT"":6228.0,""SAP_CREATED_AT"":""2026-08-02T01:17:18.674""},{""BL_NUMBER"":""EGLV01169"",""CARRIER_NAME"":""MSC"",""VESSEL_NAME"":""SAMUDERA TIMUR"",""PORT_OF_LOADING_LOCODE"":""MYPKG"",""PORT_OF_DISCHARGE_LOCODE"":""VNHPH"",""ETD"":""2026-03-03T00:00:00.000"",""ETA"":""2026-03-20T00:00:00.000"",""CONTAINER_NUMBER"":""EGLV2057616"",""COMMODITY_DESCRIPTION"":""Furniture seats"",""GROSS_WEIGHT_KGS"":43354.0,""TOTAL_CHARGES"":3590.0,""STATUS"":""SAP_POSTED"",""PAYMENT_STATUS"":""UNPAID"",""SHIPPER_NAME"":""Samsung Vietnam"",""CONSIGNEE_NAME"":""Alibaba Trade"",""CREATED_AT"":""2026-07-17T02:12:38.489"",""SAP_DOCUMENT_NUMBER"":""5000001159"",""COMPANY_CODE"":""1000"",""FISCAL_YEAR"":2026,""POSTING_DATE"":""2026-08-02T00:00:00.000"",""DOCUMENT_TYPE"":""RE"",""REFERENCE"":null,""CURRENCY_CODE"":""USD"",""TOTAL_AMOUNT"":3590.0,""SAP_CREATED_AT"":""2026-08-02T01:17:11.188""},{""BL_NUMBER"":""MAEU08818"",""CARRIER_NAME"":""MSC"",""VESSEL_NAME"":""YANG MING UNITY"",""PORT_OF_LOADING_LOCODE"":""HKHKG"",""PORT_OF_DISCHARGE_LOCODE"":""DEHAM"",""ETD"":""2026-02-27T00:00:00.000"",""ETA"":""2026-04-06T00:00:00.000"",""CONTAINER_NUMBER"":""MAEU3797143"",""COMMODITY_DESCRIPTION"":""Computers and peripherals"",""GROSS_WEIGHT_KGS"":42053.0,""TOTAL_CHARGES"":7640.0,""STATUS"":""SAP_POSTED"",""PAYMENT_STATUS"":""UNPAID"",""SHIPPER_NAME"":""Trung Nguyen Coffee"",""CONSIGNEE_NAME"":""Home Depot"",""CREATED_AT"":""2026-07-16T23:12:38.489"",""SAP_DOCUMENT_NUMBER"":""5000008812"",""COMPANY_CODE"":""1000"",""FISCAL_YEAR"":2026,""POSTING_DATE"":""2026-08-02T00:00:00.000"",""DOCUMENT_TYPE"":""RE"",""REFERENCE"":null,""CURRENCY_CODE"":""USD"",""TOTAL_AMOUNT"":7640.0,""SAP_CREATED_AT"":""2026-08-02T01:16:58.211""},{""BL_NUMBER"":""HLCU00335"",""CARRIER_NAME"":""MSC"",""VESSEL_NAME"":""COSCO SHIPPING UNIVERSE"",""PORT_OF_LOADING_LOCODE"":""BEANR"",""PORT_OF_DISCHARGE_LOCODE"":""USLAX"",""ETD"":""2025-09-13T00:00:00.000"",""ETA"":""2025-10-11T00:00:00.000"",""CONTAINER_NUMBER"":""HLCU3974129"",""COMMODITY_DESCRIPTION"":""Plastic sheets"",""GROSS_WEIGHT_KGS"":33656.0,""TOTAL_CHARGES"":6433.0,""STATUS"":""SAP_POSTED"",""PAYMENT_STATUS"":""UNPAID"",""SHIPPER_NAME"":""Viettel Electronics"",""CONSIGNEE_NAME"":""Lazada Group"",""CREATED_AT"":""2026-07-16T14:12:38.489"",""SAP_DOCUMENT_NUMBER"":""5000000325"",""COMPANY_CODE"":""1000"",""FISCAL_YEAR"":2026,""POSTING_DATE"":""2026-08-02T00:00:00.000"",""DOCUMENT_TYPE"":""RE"",""REFERENCE"":null,""CURRENCY_CODE"":""USD"",""TOTAL_AMOUNT"":6433.0,""SAP_CREATED_AT"":""2026-08-02T01:16:50.675""},{""BL_NUMBER"":""ONEY06897"",""CARRIER_NAME"":""MSC"",""VESSEL_NAME"":""HAPAG LLOYD EXPRESS"",""PORT_OF_LOADING_LOCODE"":""CNSHA"",""PORT_OF_DISCHARGE_LOCODE"":""INMUN"",""ETD"":""2026-01-30T00:00:00.000"",""ETA"":""2026-03-03T00:00:00.000"",""CONTAINER_NUMBER"":""ONEY5661741"",""COMMODITY_DESCRIPTION"":""Computers and peripherals"",""GROSS_WEIGHT_KGS"":31218.0,""TOTAL_CHARGES"":6262.0,""STATUS"":""SAP_POSTED"",""PAYMENT_STATUS"":""PAID"",""SHIPPER_NAME"":""Vinamilk Co Ltd"",""CONSIGNEE_NAME"":""Asian Foods LLC"",""CREATED_AT"":""2026-07-16T12:12:38.489"",""SAP_DOCUMENT_NUMBER"":""5000006891"",""COMPANY_CODE"":""1000"",""FISCAL_YEAR"":2026,""POSTING_DATE"":""2026-08-02T00:00:00.000"",""DOCUMENT_TYPE"":""RE"",""REFERENCE"":null,""CURRENCY_CODE"":""USD"",""TOTAL_AMOUNT"":6262.0,""SAP_CREATED_AT"":""2026-08-02T01:16:43.576""},{""BL_NUMBER"":""ONEY06899"",""CARRIER_NAME"":""MSC"",""VESSEL_NAME"":""OOCL JAPAN"",""PORT_OF_LOADING_LOCODE"":""GBFXT"",""PORT_OF_DISCHARGE_LOCODE"":""HKHKG"",""ETD"":""2026-02-12T00:00:00.000"",""ETA"":""2026-03-28T00:00:00.000"",""CONTAINER_NUMBER"":""ONEY2476784"",""COMMODITY_DESCRIPTION"":""Computers and peripherals"",""GROSS_WEIGHT_KGS"":43064.0,""TOTAL_CHARGES"":7205.0,""STATUS"":""SAP_POSTED"",""PAYMENT_STATUS"":""UNPAID"",""SHIPPER_NAME"":""Hoa Sen Group"",""CONSIGNEE_NAME"":""Alibaba Trade"",""CREATED_AT"":""2026-07-16T11:12:38.489"",""SAP_DOCUMENT_NUMBER"":""5000006893"",""COMPANY_CODE"":""1000"",""FISCAL_YEAR"":2026,""POSTING_DATE"":""2026-08-02T00:00:00.000"",""DOCUMENT_TYPE"":""RE"",""REFERENCE"":null,""CURRENCY_CODE"":""USD"",""TOTAL_AMOUNT"":7205.0,""SAP_CREATED_AT"":""2026-08-02T01:16:33.107""}]",20,12660,"2026-08-18 04:33:28.759"
