"NOTIFICATION_ID","NOTIFICATION_TYPE","RECIPIENT","SUBJECT","BODY","SENT_AT","STATUS"
1,"WORKFLOW_RUN","system","Fraud Scan Complete","New alerts: 164, High: 6, Flagged: 2","2026-07-23 01:59:58.499","SENT"
2,"FRAUD_ESCALATE","compliance@vflogistics.com","Alert Escalated","Alert #201 on YMLU00427 needs human review","2026-07-23 02:17:01.203","SENT"
3,"FRAUD_ALERT","compliance@vflogistics.com","ALERT [HIGH]: HIGH_VALUE_ANOMALY","BL_ID: 13201 flagged by automated pipeline.","2026-07-23 06:31:21.200","SENT"
101,"WORKFLOW_RUN","system","Fraud Scan Complete","New alerts: 1, High: 6, Flagged: 2","2026-07-23 06:31:33.469","SENT"
4,"WORKFLOW_RUN","system","Fraud Scan Complete","New alerts: 0, High: 5, Flagged: 0","2026-07-23 06:34:02.598","SENT"
102,"WORKFLOW_RUN","system","Fraud Scan Complete","New alerts: 0, High: 4, Flagged: 0","2026-07-23 06:35:57.169","SENT"
103,"FRAUD_ESCALATE","compliance@vflogistics.com","Alert Escalated","Alert #301 on DEMO222337 needs human review","2026-07-23 06:36:01.019","SENT"
5,"FRAUD_ALERT","compliance@vflogistics.com","ALERT [HIGH]: HIGH_VALUE_ANOMALY","BL_ID: 13201 flagged by automated pipeline.","2026-07-23 06:40:28.543","SENT"
6,"FRAUD_ALERT","compliance@vflogistics.com","ALERT [HIGH]: HIGH_VALUE_ANOMALY","BL_ID: 14000 flagged by automated pipeline.","2026-07-23 06:42:06.002","SENT"
7,"WORKFLOW_RUN","system","Fraud Scan Complete","New alerts: 1, High: 6, Flagged: 0","2026-07-23 06:42:17.884","SENT"
8,"FRAUD_ESCALATE","compliance@vflogistics.com","Alert Escalated","Alert #311 on DEMO064027 needs human review","2026-07-23 06:42:25.141","SENT"
9,"FRAUD_ALERT","compliance@vflogistics.com","ALERT [HIGH]: HIGH_VALUE_ANOMALY","BL_ID: 14001 flagged by automated pipeline.","2026-07-23 06:50:54.300","SENT"
104,"WORKFLOW_RUN","system","Fraud Scan Complete","New alerts: 0, High: 6, Flagged: 0","2026-07-23 06:55:33.368","SENT"
105,"FRAUD_ESCALATE","compliance@vflogistics.com","Alert Escalated","Alert #312 on DEMO065053 needs human review","2026-07-23 06:55:40.820","SENT"
106,"WORKFLOW_RUN","system","Fraud Scan Complete","New alerts: 0, High: 5, Flagged: 0","2026-07-23 07:09:01.210","SENT"
107,"FRAUD_ESCALATE","compliance@vflogistics.com","Alert Escalated","Alert #310 on DEMO064205 needs human review","2026-07-23 07:09:13.347","SENT"
201,"WORKFLOW_RUN","system","Fraud Scan Complete","New alerts: 0, High: 4, Flagged: 0","2026-07-25 19:53:55.265","SENT"
202,"FRAUD_ESCALATE","compliance@vflogistics.com","Alert Escalated","Alert #309 on DEMO222337 needs human review","2026-07-25 19:54:48.393","SENT"
301,"FRAUD_ALERT","compliance@vflogistics.com","ALERT [HIGH]: HIGH_VALUE_ANOMALY","BL_ID: 14200 flagged by automated pipeline.","2026-07-29 08:19:24.830","SENT"
401,"WORKFLOW_RUN","system","Fraud Scan Complete","New alerts: 0, High: 5, Flagged: 0","2026-07-29 08:29:47.781","SENT"
402,"FRAUD_ESCALATE","compliance@vflogistics.com","Alert Escalated","Alert #608 on DEMO081923 needs human review","2026-07-29 08:29:55.199","SENT"
302,"WORKFLOW_RUN","system","Fraud Scan Complete","New alerts: 0, High: 4, Flagged: 0","2026-07-29 08:44:17.125","SENT"
303,"FRAUD_ESCALATE","compliance@vflogistics.com","Alert Escalated","","2026-07-29 08:44:20.306","SENT"
403,"WORKFLOW_RUN","system","Fraud Scan Complete","New alerts: 0, High: 3, Flagged: 0","2026-07-29 08:50:38.757","SENT"
404,"FRAUD_ESCALATE","compliance@vflogistics.com","Alert Escalated","Alert #2 on DEMO032020 needs human review","2026-07-29 08:51:15.460","SENT"
405,"WORKFLOW_RUN","system","Fraud Scan Complete","New alerts: 0, High: 2, Flagged: 0","2026-07-29 08:51:26.522","SENT"
406,"FRAUD_ESCALATE","compliance@vflogistics.com","Alert Escalated","Alert #4 on DEMO051220 needs human review","2026-07-29 08:51:33.982","SENT"
304,"WORKFLOW_RUN","system","Fraud Scan Complete","New alerts: 0, High: 1, Flagged: 0","2026-07-29 08:53:23.505","SENT"
305,"FRAUD_ESCALATE","compliance@vflogistics.com","Alert Escalated","Alert #5 on DEMO031939 needs human review","2026-07-29 08:53:31.644","SENT"
306,"WORKFLOW_RUN","system","Fraud Scan Complete","New alerts: 0, High: 0, Flagged: 0","2026-07-29 08:54:56.221","SENT"
307,"FRAUD_ESCALATE","compliance@vflogistics.com","Alert Escalated","","2026-07-29 08:54:58.965","SENT"
407,"WORKFLOW_RUN","system","Fraud Scan Complete","New alerts: 0, High: 0, Flagged: 0","2026-07-29 08:57:39.366","SENT"
408,"FRAUD_ESCALATE","compliance@vflogistics.com","Alert Escalated","","2026-07-29 08:57:41.788","SENT"
409,"WORKFLOW_RUN","system","Fraud Scan Complete","New alerts: 0, High: 0, Flagged: 0","2026-07-29 09:02:23.984","SENT"
410,"FRAUD_ESCALATE","compliance@vflogistics.com","Alert Escalated","","2026-07-29 09:02:26.317","SENT"
308,"WORKFLOW_RUN","system","Fraud Scan Complete","New alerts: 0, High: 5, Flagged: 0","2026-07-29 09:07:11.892","SENT"
309,"FRAUD_ESCALATE","compliance@vflogistics.com","Alert Escalated","Alert #608 on DEMO081923 needs human review","2026-07-29 09:07:19.422","SENT"
310,"WORKFLOW_RUN","system","Fraud Scan Complete","New alerts: 0, High: 4, Flagged: 0","2026-07-29 23:13:17.384","SENT"
311,"FRAUD_ESCALATE","compliance@vflogistics.com","Alert Escalated","","2026-07-29 23:13:20.485","SENT"
312,"WORKFLOW_RUN","system","Fraud Scan Complete","New alerts: 0, High: 3, Flagged: 0","2026-07-29 23:13:55.597","SENT"
313,"FRAUD_ESCALATE","compliance@vflogistics.com","Alert Escalated","Alert #312 on DEMO065053 needs human review","2026-07-29 23:14:02.809","SENT"
501,"WORKFLOW_RUN","system","Fraud Scan Complete","New alerts: 0, High: 2, Flagged: 0","2026-07-30 14:57:57.368","SENT"
502,"FRAUD_ESCALATE","compliance@vflogistics.com","Alert Escalated","Alert #311 on DEMO064027 needs human review","2026-07-30 14:58:11.011","SENT"
601,"WORKFLOW_RUN","system","Fraud Scan Complete","New alerts: 0, High: 1, Flagged: 0","2026-07-31 08:11:54.551","SENT"
602,"FRAUD_ESCALATE","compliance@vflogistics.com","Alert Escalated","Alert #310 on DEMO064205 needs human review","2026-07-31 08:12:08.448","SENT"
701,"WORKFLOW_RUN","system","Fraud Scan Complete","New alerts: 0, High: 0, Flagged: 0","2026-07-31 17:40:20.082","SENT"
702,"FRAUD_ESCALATE","compliance@vflogistics.com","Alert Escalated","","2026-07-31 17:40:23.412","SENT"
603,"WORKFLOW_RUN","system","Fraud Scan Complete","New alerts: 0, High: 1, Flagged: 0","2026-07-31 19:15:55.521","SENT"
604,"FRAUD_ESCALATE","compliance@vflogistics.com","Alert Escalated","Alert #310 on DEMO064205 needs human review. AI reason: High value, suspicious shipper name, and high-risk route require further investigation.","2026-07-31 19:16:04.945","SENT"
605,"FRAUD_BLOCK","compliance@vflogistics.com","Shipment Blocked","BLOCKED: Shipment DEMO064205 blocked due to fraud alert #310. AI reason: Shipper and consignee names indicate shell/front companies, and cost per kg exceeds peer median by over 3x.","2026-07-31 19:21:36.205","SENT"
606,"WORKFLOW_RUN","system","Fraud Scan Complete","New alerts: 3, High: 1, Flagged: 0","2026-07-31 20:12:55.258","SENT"
607,"FRAUD_ESCALATE","compliance@vflogistics.com","Alert Escalated","Alert #709 on EGLV2026015 needs human review. AI reason: Extraction confidence below 60/100 and failed validation, requiring human judgment.","2026-07-31 20:13:01.972","SENT"
608,"WORKFLOW_RUN","system","Fraud Scan Complete","New alerts: 1, High: 1, Flagged: 0","2026-07-31 20:16:06.623","SENT"
609,"FRAUD_ESCALATE","compliance@vflogistics.com","Alert Escalated","Alert #711 on EGLV2026015 needs human review. AI reason: Extraction confidence below 60/100 and failed validation, underlying data cannot be trusted.","2026-07-31 20:16:13.849","SENT"
800,"WORKFLOW_RUN","system","Fraud Scan Complete","New alerts: 0, High: 0, Flagged: 0","2026-07-31 22:17:13.025","SENT"
900,"WORKFLOW_RUN","system","Fraud Scan Complete","New alerts: 0, High: 0, Flagged: 0","2026-08-01 13:30:12.605","SENT"
901,"WORKFLOW_RUN","system","Fraud Scan Complete","New alerts: 0, High: 0, Flagged: 0","2026-07-31 23:47:26.997","SENT"
902,"WORKFLOW_RUN","system","Fraud Scan Complete","New alerts: 0, High: 0, Flagged: 0","2026-07-31 23:47:33.209","SENT"
1000,"WORKFLOW_RUN","system","Fraud Scan Complete","New alerts: 0, High: 0, Flagged: 0","2026-08-01 20:50:47.879","SENT"
1001,"WORKFLOW_RUN","system","Fraud Scan Complete","New alerts: 0, High: 2, Flagged: 0","2026-08-01 21:47:25.212","SENT"
1002,"FRAUD_ESCALATE","compliance@vflogistics.com","Alert Escalated","","2026-08-01 21:47:28.438","SENT"
1003,"WORKFLOW_RUN","system","Fraud Scan Complete","New alerts: 0, High: 1, Flagged: 0","2026-08-01 22:06:14.775","SENT"
1004,"FRAUD_ESCALATE","compliance@vflogistics.com","Alert Escalated","","2026-08-01 22:06:19.291","SENT"
1005,"WORKFLOW_RUN","system","Fraud Scan Complete","New alerts: 0, High: 0, Flagged: 0","2026-08-01 22:06:39.423","SENT"
1006,"WORKFLOW_RUN","system","Fraud Scan Complete","New alerts: 0, High: 0, Flagged: 0","2026-08-01 22:08:02.745","SENT"
1007,"WORKFLOW_RUN","system","Fraud Scan Complete","New alerts: 0, High: 0, Flagged: 0","2026-08-01 22:09:43.143","SENT"
1008,"WORKFLOW_RUN","system","Fraud Scan Complete","New alerts: 0, High: 0, Flagged: 0","2026-08-01 22:16:27.249","SENT"
1009,"WORKFLOW_RUN","system","Fraud Scan Complete","New alerts: 0, High: 2, Flagged: 0","2026-08-01 22:16:56.760","SENT"
1010,"FRAUD_ESCALATE","compliance@vflogistics.com","Alert Escalated","","2026-08-01 22:17:00.290","SENT"
1011,"WORKFLOW_RUN","system","Fraud Scan Complete","New alerts: 0, High: 1, Flagged: 0","2026-08-01 22:17:13.608","SENT"
1012,"FRAUD_ESCALATE","compliance@vflogistics.com","Alert Escalated","","2026-08-01 22:17:17.320","SENT"
1013,"WORKFLOW_RUN","system","Fraud Scan Complete","New alerts: 2, High: 2, Flagged: 2","2026-08-01 22:34:26.987","SENT"
1014,"FRAUD_ESCALATE","compliance@vflogistics.com","Alert Escalated","Alert #805 on MOCK22341301 needs human review. AI reason: Cost per kg exceeds 5x peer median and shipper name indicates a shell/front company.","2026-08-01 22:34:37.208","SENT"
1015,"WORKFLOW_RUN","system","Fraud Scan Complete","New alerts: 0, High: 1, Flagged: 0","2026-08-01 22:34:59.276","SENT"
1016,"FRAUD_ESCALATE","compliance@vflogistics.com","Alert Escalated","Alert #806 on MOCK22341302 needs human review. AI reason: Total charges ($51,000) exceed the 95th percentile ($7,832), requiring human judgment.","2026-08-01 22:35:11.508","SENT"
1017,"WORKFLOW_RUN","system","Fraud Scan Complete","New alerts: 0, High: 0, Flagged: 0","2026-08-01 22:36:35.974","SENT"
1018,"WORKFLOW_RUN","system","Fraud Scan Complete","New alerts: 10, High: 10, Flagged: 10","2026-08-01 22:39:39.183","SENT"
1019,"WORKFLOW_RUN","system","Fraud Scan Complete","New alerts: 0, High: 10, Flagged: 0","2026-08-01 22:40:42.177","SENT"
1020,"FRAUD_ESCALATE","compliance@vflogistics.com","Alert Escalated","Alert #807 on EGLV00020 needs human review. AI reason: Cost per kg exceeds 5x the peer median and total charges exceed the 95th percentile.","2026-08-01 22:40:51.895","SENT"
1021,"WORKFLOW_RUN","system","Fraud Scan Complete","New alerts: 0, High: 9, Flagged: 0","2026-08-01 23:26:18.230","SENT"
1022,"FRAUD_BLOCK","compliance@vflogistics.com","Shipment Blocked","BLOCKED: Shipment YMLU00023 blocked due to fraud alert #808. AI reason: Cost/kg exceeds 5x the peer median ($7.9152 > 5 * $0.2559).","2026-08-01 23:26:25.206","SENT"
1023,"WORKFLOW_RUN","system","Fraud Scan Complete","New alerts: 0, High: 8, Flagged: 0","2026-08-01 23:26:55.422","SENT"
1024,"FRAUD_BLOCK","compliance@vflogistics.com","Shipment Blocked","BLOCKED: Shipment OOLU00013 blocked due to fraud alert #809. AI reason: Cost/kg ($1.1915) exceeds 5x the peer median ($0.2559).","2026-08-01 23:27:02.106","SENT"
1025,"FRAUD_BLOCK","compliance@vflogistics.com","Shipment Blocked","BLOCKED: Shipment YMLU00024 blocked due to fraud alert #810. AI reason: Cost/kg ($23.9577) exceeds 5x the peer median ($0.2559).","2026-08-01 23:27:08.895","SENT"
1026,"FRAUD_BLOCK","compliance@vflogistics.com","Shipment Blocked","BLOCKED: Shipment EGLV00025 blocked due to fraud alert #811. AI reason: Cost/kg exceeds 5x the peer median ($2.5007 > 5 * $0.2559).","2026-08-01 23:27:16.466","SENT"
1027,"WORKFLOW_RUN","system","Detection scan completed","New alerts: 24. Open HIGH severity: 9. Thresholds used - p99 charges $8409, p99 weight 44223kg, median cost/kg $0.2558.","2026-08-01 23:34:00.775","SENT"
1028,"WORKFLOW_RUN","system","Detection scan completed","New alerts: 24. Open HIGH severity: 20. Thresholds used - p99 charges $8409, p99 weight 44223kg, median cost/kg $0.2558.","2026-08-01 23:34:18.396","SENT"
1029,"FRAUD_BLOCK","compliance@vflogistics.com","Shipment Blocked","BLOCKED: Shipment OOLU08503 blocked due to fraud alert #849. AI reason: Cost per kg ($1.4079) exceeds the 95th percentile ($1.0692).","2026-08-01 23:34:24.982","SENT"
1030,"FRAUD_BLOCK","compliance@vflogistics.com","Shipment Blocked","BLOCKED: Shipment MAEU03225 blocked due to fraud alert #850. AI reason: Cost per kg ($2.0524) exceeds 5x the peer median ($0.2558).","2026-08-01 23:34:32.647","SENT"
1031,"FRAUD_BLOCK","compliance@vflogistics.com","Shipment Blocked","BLOCKED: Shipment CAXU01631 blocked due to fraud alert #851. AI reason: Cost per kg ($1.8159) exceeds 5x the peer median ($0.2558).","2026-08-01 23:34:39.604","SENT"
1032,"FRAUD_BLOCK","compliance@vflogistics.com","Shipment Blocked","BLOCKED: Shipment CAXU04156 blocked due to fraud alert #841. AI reason: Cost per kg ($3.2871) exceeds 5x the peer median ($0.2558).","2026-08-01 23:34:46.722","SENT"
1033,"FRAUD_BLOCK","compliance@vflogistics.com","Shipment Blocked","BLOCKED: Shipment APZU01579 blocked due to fraud alert #842. AI reason: Cost per kg ($3.0871) exceeds 5x the peer median ($0.2558).","2026-08-01 23:34:53.345","SENT"
1034,"WORKFLOW_RUN","system","Detection scan completed","New alerts: 24. Open HIGH severity: 25. Thresholds used - p99 charges $8409, p99 weight 44223kg, median cost/kg $0.2558.","2026-08-01 23:36:26.493","SENT"
1035,"FRAUD_BLOCK","compliance@vflogistics.com","Shipment Blocked","BLOCKED: Shipment OOLU06357 blocked due to fraud alert #876. AI reason: Cost per kg ($2.1956) exceeds 5x the peer median ($0.2558).","2026-08-01 23:36:33.407","SENT"
1036,"FRAUD_BLOCK","compliance@vflogistics.com","Shipment Blocked","BLOCKED: Shipment EGLV04225 blocked due to fraud alert #879. AI reason: Cost per kg ($2.0415) exceeds 5x the peer median ($0.2558).","2026-08-01 23:36:40.378","SENT"
1037,"FRAUD_BLOCK","compliance@vflogistics.com","Shipment Blocked","BLOCKED: Shipment EGLV07578 blocked due to fraud alert #865. AI reason: Cost per kg ($2.755) exceeds 5x the peer median ($0.2558).","2026-08-01 23:36:47.023","SENT"
1038,"FRAUD_BLOCK","compliance@vflogistics.com","Shipment Blocked","BLOCKED: Shipment OOLU03704 blocked due to fraud alert #866. AI reason: Cost per kg ($2.7405) exceeds 5x the peer median ($0.2558).","2026-08-01 23:36:53.836","SENT"
1039,"FRAUD_BLOCK","compliance@vflogistics.com","Shipment Blocked","BLOCKED: Shipment OOLU02469 blocked due to fraud alert #867. AI reason: Cost per kg ($2.7212) exceeds 5x the peer median ($0.2558).","2026-08-01 23:37:00.760","SENT"
1040,"FRAUD_BLOCK","compliance@vflogistics.com","Shipment Blocked","BLOCKED: Shipment MAEU09993 blocked due to fraud alert #868. AI reason: Cost per kg ($2.7124) exceeds 5x the peer median ($0.2558).","2026-08-01 23:37:07.650","SENT"
1041,"WORKFLOW_RUN","system","Detection scan completed","New alerts: 24. Open HIGH severity: 29. Thresholds used - p99 charges $8409, p99 weight 44223kg, median cost/kg $0.2558.","2026-08-01 23:39:40.370","SENT"
1042,"FRAUD_BLOCK","compliance@vflogistics.com","Shipment Blocked","BLOCKED: Shipment MAEU01374 blocked due to fraud alert #903. AI reason: Cost per kg ($1.1954) exceeds the 95th percentile ($1.0692).","2026-08-01 23:39:53.148","SENT"
1043,"FRAUD_BLOCK","compliance@vflogistics.com","Shipment Blocked","BLOCKED: Shipment EGLV04067 blocked due to fraud alert #904. AI reason: Cost per kg ($1.7098) exceeds 5x the peer median ($0.2558).","2026-08-01 23:39:59.843","SENT"
1044,"FRAUD_BLOCK","compliance@vflogistics.com","Shipment Blocked","BLOCKED: Shipment MSKU05777 blocked due to fraud alert #889. AI reason: Cost per kg ($2.6114) exceeds 5x the peer median ($0.2558).","2026-08-01 23:40:06.602","SENT"
1045,"FRAUD_BLOCK","compliance@vflogistics.com","Shipment Blocked","BLOCKED: Shipment MSKU02234 blocked due to fraud alert #890. AI reason: Cost per kg ($2.5679) exceeds 5x the peer median ($0.2558).","2026-08-01 23:40:13.241","SENT"
1046,"FRAUD_BLOCK","compliance@vflogistics.com","Shipment Blocked","BLOCKED: Shipment HLCU03706 blocked due to fraud alert #891. AI reason: Cost per kg ($2.5302) exceeds 5x the peer median ($0.2558).","2026-08-01 23:40:19.722","SENT"
1047,"FRAUD_BLOCK","compliance@vflogistics.com","Shipment Blocked","BLOCKED: Shipment MSKU06661 blocked due to fraud alert #892. AI reason: Cost per kg ($2.5099) exceeds 5x the peer median ($0.2558).","2026-08-01 23:40:26.094","SENT"
1048,"FRAUD_BLOCK","compliance@vflogistics.com","Shipment Blocked","BLOCKED: Shipment CMDU01128 blocked due to fraud alert #893. AI reason: Cost per kg ($2.4153) exceeds 5x the peer median ($0.2558).","2026-08-01 23:40:32.689","SENT"
1049,"FRAUD_BLOCK","compliance@vflogistics.com","Shipment Blocked","BLOCKED: Shipment ONEY07640 blocked due to fraud alert #894. AI reason: Cost per kg ($2.4123) exceeds 5x the peer median ($0.2558).","2026-08-01 23:40:39.542","SENT"
1050,"FRAUD_BLOCK","compliance@vflogistics.com","Shipment Blocked","BLOCKED: Shipment OOLU06885 blocked due to fraud alert #895. AI reason: Cost per kg ($2.4114) exceeds 5x the peer median ($0.2558).","2026-08-01 23:40:46.209","SENT"
1051,"FRAUD_BLOCK","compliance@vflogistics.com","Shipment Blocked","BLOCKED: Shipment EGLV03114 blocked due to fraud alert #896. AI reason: Cost per kg ($2.3879) exceeds 5x the peer median ($0.2558).","2026-08-01 23:40:52.749","SENT"
1052,"FRAUD_BLOCK","compliance@vflogistics.com","Shipment Blocked","BLOCKED: Shipment EGLV01221 blocked due to fraud alert #869. AI reason: Cost per kg ($2.6736) exceeds 5x the peer median ($0.2558).","2026-08-01 23:41:01.780","SENT"
1053,"FRAUD_BLOCK","compliance@vflogistics.com","Shipment Blocked","BLOCKED: Shipment YMLU03616 blocked due to fraud alert #870. AI reason: Cost per kg ($2.6564) exceeds 5x the peer median ($0.2558).","2026-08-01 23:41:08.714","SENT"
1054,"FRAUD_BLOCK","compliance@vflogistics.com","Shipment Blocked","BLOCKED: Shipment EGLV02152 blocked due to fraud alert #871. AI reason: Cost per kg ($2.6551) exceeds 5x the peer median ($0.2558).","2026-08-01 23:41:16.972","SENT"
1055,"FRAUD_BLOCK","compliance@vflogistics.com","Shipment Blocked","BLOCKED: Shipment MAEU01757 blocked due to fraud alert #872. AI reason: Cost per kg ($2.6344) exceeds 5x the peer median ($0.2558).","2026-08-01 23:41:24.999","SENT"
1056,"FRAUD_BLOCK","compliance@vflogistics.com","Shipment Blocked","BLOCKED: Shipment EGLV03941 blocked due to fraud alert #843. AI reason: Cost per kg ($3.0829) exceeds 5x the peer median ($0.2558).","2026-08-01 23:41:33.538","SENT"
1057,"FRAUD_BLOCK","compliance@vflogistics.com","Shipment Blocked","BLOCKED: Shipment YMLU03136 blocked due to fraud alert #844. AI reason: Cost per kg ($3.0646) exceeds 5x the peer median ($0.2558).","2026-08-01 23:41:40.399","SENT"
1058,"FRAUD_BLOCK","compliance@vflogistics.com","Shipment Blocked","BLOCKED: Shipment ONEY01940 blocked due to fraud alert #845. AI reason: Cost per kg ($3.032) exceeds 5x the peer median ($0.2558).","2026-08-01 23:41:48.186","SENT"
1059,"FRAUD_BLOCK","compliance@vflogistics.com","Shipment Blocked","BLOCKED: Shipment APZU07368 blocked due to fraud alert #846. AI reason: Cost per kg ($2.9497) exceeds 5x the peer median ($0.2558).","2026-08-01 23:42:01.921","SENT"
1060,"FRAUD_BLOCK","compliance@vflogistics.com","Shipment Blocked","BLOCKED: Shipment CMDU06591 blocked due to fraud alert #847. AI reason: Cost per kg ($2.9207) exceeds 5x the peer median ($0.2558).","2026-08-01 23:42:08.717","SENT"
1061,"FRAUD_BLOCK","compliance@vflogistics.com","Shipment Blocked","BLOCKED: Shipment MAEU07886 blocked due to fraud alert #848. AI reason: Cost per kg ($2.783) exceeds 5x the peer median ($0.2558).","2026-08-01 23:42:16.326","SENT"
1062,"WORKFLOW_RUN","system","Detection scan completed","New alerts: 24. Open HIGH severity: 9. Thresholds used - p99 charges $8409, p99 weight 44223kg, median cost/kg $0.2558.","2026-08-01 23:51:32.224","SENT"
1063,"FRAUD_BLOCK","compliance@vflogistics.com","Shipment Blocked","BLOCKED: Shipment APZU09208 blocked due to fraud alert #830. AI reason: Cost/kg is MORE THAN 10x the peer median ($2.6665 vs $0.2558).","2026-08-01 23:51:41.337","SENT"
1064,"FRAUD_BLOCK","compliance@vflogistics.com","Shipment Blocked","BLOCKED: Shipment CMDU06733 blocked due to fraud alert #817. AI reason: Cost/kg is 15.8x the peer median.","2026-08-01 23:51:49.821","SENT"
1065,"FRAUD_BLOCK","compliance@vflogistics.com","Shipment Blocked","BLOCKED: Shipment OOLU08621 blocked due to fraud alert #818. AI reason: Cost per kg is 14.45x the peer median.","2026-08-01 23:51:56.090","SENT"
1066,"FRAUD_BLOCK","compliance@vflogistics.com","Shipment Blocked","BLOCKED: Shipment EGLV08157 blocked due to fraud alert #819. AI reason: Cost per kg is 14.15x the peer median.","2026-08-01 23:52:06.516","SENT"
1067,"FRAUD_BLOCK","compliance@vflogistics.com","Shipment Blocked","BLOCKED: Shipment MAEU08129 blocked due to fraud alert #820. AI reason: Cost/kg is 14.07x the peer median.","2026-08-01 23:52:13.070","SENT"
1068,"FRAUD_BLOCK","compliance@vflogistics.com","Shipment Blocked","BLOCKED: Shipment CMDU09063 blocked due to fraud alert #821. AI reason: Cost/kg is MORE THAN 10x the peer median ($3.5815 vs $0.2558).","2026-08-01 23:52:19.613","SENT"
1069,"FRAUD_BLOCK","compliance@vflogistics.com","Shipment Blocked","BLOCKED: Shipment CMDU01779 blocked due to fraud alert #822. AI reason: Cost per kg is 13.68x the peer median.","2026-08-01 23:52:25.755","SENT"
1070,"FRAUD_BLOCK","compliance@vflogistics.com","Shipment Blocked","BLOCKED: Shipment HLCU00344 blocked due to fraud alert #823. AI reason: Cost per kg is 13.56x the peer median.","2026-08-01 23:52:31.827","SENT"
1071,"WORKFLOW_RUN","system","Detection scan completed","New alerts: 24. Open HIGH severity: 1. Thresholds used - p99 charges $8409, p99 weight 44223kg, median cost/kg $0.2558.","2026-08-01 23:55:43.557","SENT"
1072,"FRAUD_BLOCK","compliance@vflogistics.com","Shipment Blocked","BLOCKED: Shipment MAEU02771 blocked due to fraud alert #824. AI reason: Cost per kg is 13.55x the peer median.","2026-08-01 23:55:49.970","SENT"
1073,"WORKFLOW_RUN","system","Detection scan completed","New alerts: 24. Open HIGH severity: 0. Thresholds used - p99 charges $8409, p99 weight 44223kg, median cost/kg $0.2558.","2026-08-01 23:57:43.526","SENT"
1074,"WORKFLOW_RUN","system","Detection scan completed","New alerts: 24. Open HIGH severity: 0. Thresholds used - p99 charges $8409, p99 weight 44223kg, median cost/kg $0.2558.","2026-08-02 00:04:39.717","SENT"
1075,"FRAUD_ESCALATE","compliance@vflogistics.com","Alert Escalated","Alert #988 on YMLU03250 needs human review. AI reason: Cost per kg is $2.1421, 8.37x the peer median of $0.2558, placing it in the ELEVATED_BETWEEN_5X_AND_10X_MEDIAN band.","2026-08-02 00:07:41.503","SENT"
1076,"FRAUD_ESCALATE","compliance@vflogistics.com","Alert Escalated","Alert #989 on CMDU07060 needs human review. AI reason: Cost per kg is $2.1375, 8.36x the peer median of $0.2558, placing it in the ELEVATED_BETWEEN_5X_AND_10X_MEDIAN band.","2026-08-02 00:07:52.417","SENT"
1077,"FRAUD_ESCALATE","compliance@vflogistics.com","Alert Escalated","Alert #990 on MAEU07710 needs human review. AI reason: Cost per kg is $2.1258, 8.31x the peer median of $0.2558, falling in the ELEVATED_BETWEEN_5X_AND_10X_MEDIAN band.","2026-08-02 00:08:00.399","SENT"
1078,"FRAUD_ESCALATE","compliance@vflogistics.com","Alert Escalated","Alert #991 on MSKU05116 needs human review. AI reason: Cost per kg is $2.1011, 8.21x the peer median of $0.2558, placing it in the ELEVATED_BETWEEN_5X_AND_10X_MEDIAN band.","2026-08-02 00:08:09.052","SENT"
1079,"FRAUD_ESCALATE","compliance@vflogistics.com","Alert Escalated","Alert #992 on MAEU04318 needs human review. AI reason: Cost per kg is $2.0953, 8.19x the median of $0.2558, falling in the ELEVATED band.","2026-08-02 00:08:16.743","SENT"
1080,"FRAUD_ESCALATE","compliance@vflogistics.com","Alert Escalated","Alert #993 on MSKU05348 needs human review. AI reason: Cost per kg is $2.0949, 8.19x the peer median of $0.2558, falling in the ELEVATED_BETWEEN_5X_AND_10X_MEDIAN band.","2026-08-02 00:08:25.900","SENT"
1081,"FRAUD_ESCALATE","compliance@vflogistics.com","Alert Escalated","Alert #994 on EGLV03327 needs human review. AI reason: Cost per kg is $2.0865, 8.16x the peer median of $0.2558, placing it in the ELEVATED_BETWEEN_5X_AND_10X_MEDIAN band.","2026-08-02 00:08:34.001","SENT"
1082,"FRAUD_ESCALATE","compliance@vflogistics.com","Alert Escalated","Alert #995 on APZU06186 needs human review. AI reason: Cost per kg is $2.0696, 8.09x the peer median of $0.2558, placing it in the ELEVATED_BETWEEN_5X_AND_10X_MEDIAN band.","2026-08-02 00:08:44.566","SENT"
1083,"FRAUD_ESCALATE","compliance@vflogistics.com","Alert Escalated","Alert #972 on EGLV05264 needs human review. AI reason: Cost per kg is 5.96x the peer median, falling into the ELEVATED_BETWEEN_5X_AND_10X_MEDIAN band.","2026-08-02 00:09:22.226","SENT"
1084,"FRAUD_ESCALATE","compliance@vflogistics.com","Alert Escalated","Alert #974 on APZU04176 needs human review. AI reason: Cost per kg is $1.5861 (6.2x the peer median of $0.2558), placing it in the ELEVATED_BETWEEN_5X_AND_10X_MEDIAN band, which mandates escalation for human judgment.","2026-08-02 00:09:44.156","SENT"
1085,"FRAUD_ESCALATE","compliance@vflogistics.com","Alert Escalated","Alert #978 on YMLU00588 needs human review. AI reason: Cost per kg is 6.54x the peer median, placing it in the ELEVATED_BETWEEN_5X_AND_10X_MEDIAN band.","2026-08-02 00:10:17.488","SENT"
1086,"FRAUD_ESCALATE","compliance@vflogistics.com","Alert Escalated","Alert #964 on ONEY08053 needs human review. AI reason: Cost per kg is $2.2507, 8.8x the peer median of $0.2558, falling into the ELEVATED_BETWEEN_5X_AND_10X_MEDIAN band.","2026-08-02 00:10:34.701","SENT"
1087,"FRAUD_ESCALATE","compliance@vflogistics.com","Alert Escalated","Alert #965 on OOLU08350 needs human review. AI reason: Cost per kg is $2.2488, 8.79x the peer median of $0.2558, falling in the ELEVATED_BETWEEN_5X_AND_10X_MEDIAN band.","2026-08-02 00:10:43.192","SENT"
1088,"FRAUD_ESCALATE","compliance@vflogistics.com","Alert Escalated","Alert #966 on YMLU04126 needs human review. AI reason: Cost per kg is $2.239, 8.75x the peer median of $0.2558, placing it in the ELEVATED_BETWEEN_5X_AND_10X_MEDIAN band.","2026-08-02 00:10:51.466","SENT"
1089,"FRAUD_ESCALATE","compliance@vflogistics.com","Alert Escalated","Alert #967 on OOLU02377 needs human review. AI reason: Cost per kg is 8.7x the peer median ($2.2261 vs $0.2558), falling into the ELEVATED_BETWEEN_5X_AND_10X_MEDIAN band.","2026-08-02 00:10:59.481","SENT"
1090,"FRAUD_ESCALATE","compliance@vflogistics.com","Alert Escalated","Alert #968 on MAEU04434 needs human review. AI reason: Cost per kg is $2.2189, 8.67x the peer median of $0.2558, placing it in the ELEVATED_BETWEEN_5X_AND_10X_MEDIAN band.","2026-08-02 00:11:08.422","SENT"
1091,"FRAUD_ESCALATE","compliance@vflogistics.com","Alert Escalated","Alert #969 on CMDU01888 needs human review. AI reason: Cost per kg is $2.1955, 8.58x the peer median of $0.2558, placing it in the ELEVATED_BETWEEN_5X_AND_10X_MEDIAN band.","2026-08-02 00:11:16.653","SENT"
1092,"WORKFLOW_RUN","system","Detection throttled - triage queue saturated","No new alerts created: open queue 268 has reached the limit 60.","2026-08-02 00:21:10.572","SENT"
1093,"WORKFLOW_RUN","system","Detection throttled - triage queue saturated","No new alerts created: open queue 268 has reached the limit 60.","2026-08-02 00:21:26.602","SENT"
1094,"FRAUD_ESCALATE","compliance@vflogistics.com","Alert Escalated","Alert #970 on OOLU05815 needs human review. AI reason: Cost per kg is $2.1653, 8.46x the median of $0.2558, falling in the ELEVATED band.","2026-08-02 00:21:34.318","SENT"
1095,"FRAUD_ESCALATE","compliance@vflogistics.com","Alert Escalated","Alert #971 on HLCU08119 needs human review. AI reason: Cost per kg is $2.1577, 8.44x the peer median of $0.2558, placing it in the ELEVATED_BETWEEN_5X_AND_10X_MEDIAN band.","2026-08-02 00:21:44.778","SENT"
1096,"FRAUD_ESCALATE","compliance@vflogistics.com","Alert Escalated","Alert #940 on APZU04704 needs human review. AI reason: Cost per kg is $2.3026, 9x the peer median of $0.2558, falling into the ELEVATED_BETWEEN_5X_AND_10X_MEDIAN band.","2026-08-02 00:23:24.540","SENT"
1097,"FRAUD_ESCALATE","compliance@vflogistics.com","Alert Escalated","Alert #941 on APZU00644 needs human review. AI reason: Cost per kg is $2.3 (8.99x the peer median of $0.2558), placing it in the ELEVATED_BETWEEN_5X_AND_10X_MEDIAN band.","2026-08-02 00:23:33.069","SENT"
1098,"FRAUD_ESCALATE","compliance@vflogistics.com","Alert Escalated","Alert #942 on OOLU00910 needs human review. AI reason: Cost per kg is $2.2982, 8.98x the peer median of $0.2558, falling in the ELEVATED_BETWEEN_5X_AND_10X_MEDIAN band.","2026-08-02 00:23:51.473","SENT"
1099,"FRAUD_ESCALATE","compliance@vflogistics.com","Alert Escalated","Alert #943 on HLCU07260 needs human review. AI reason: Cost per kg is $2.2732, 8.89x the peer median of $0.2558, placing it in the ELEVATED_BETWEEN_5X_AND_10X_MEDIAN band.","2026-08-02 00:24:00.465","SENT"
1100,"FRAUD_ESCALATE","compliance@vflogistics.com","Alert Escalated","Alert #944 on APZU08106 needs human review. AI reason: Cost per kg is $2.2668, 8.86x the peer median of $0.2558, falling in the ELEVATED_BETWEEN_5X_AND_10X_MEDIAN band.","2026-08-02 00:24:09.819","SENT"
1101,"FRAUD_ESCALATE","compliance@vflogistics.com","Alert Escalated","Alert #945 on MAEU03498 needs human review. AI reason: Cost per kg is $2.261, 8.84x the peer median of $0.2558, falling within the ELEVATED_BETWEEN_5X_AND_10X_MEDIAN band.","2026-08-02 00:24:17.993","SENT"
1102,"FRAUD_ESCALATE","compliance@vflogistics.com","Alert Escalated","Alert #946 on EGLV00925 needs human review. AI reason: Cost per kg is $2.2609, 8.84x the peer median of $0.2558, placing it in the ELEVATED_BETWEEN_5X_AND_10X_MEDIAN band.","2026-08-02 00:24:28.670","SENT"
1103,"FRAUD_ESCALATE","compliance@vflogistics.com","Alert Escalated","Alert #947 on MSKU07149 needs human review. AI reason: Cost per kg is $2.2519, 8.8x the peer median of $0.2558, falling in the ELEVATED_BETWEEN_5X_AND_10X_MEDIAN band.","2026-08-02 00:24:37.645","SENT"
1104,"FRAUD_ESCALATE","compliance@vflogistics.com","Alert Escalated","Alert #918 on CMDU09798 needs human review. AI reason: Cost per kg is $2.3571, 9.21x the peer median of $0.2558, falling in the ELEVATED_BETWEEN_5X_AND_10X_MEDIAN band.","2026-08-02 00:27:22.807","SENT"
1105,"FRAUD_ESCALATE","compliance@vflogistics.com","Alert Escalated","Alert #919 on CMDU01854 needs human review. AI reason: Cost per kg is $2.3519, 9.19x the peer median of $0.2558, placing it in the ELEVATED_BETWEEN_5X_AND_10X_MEDIAN band.","2026-08-02 00:27:32.982","SENT"
1106,"FRAUD_ESCALATE","compliance@vflogistics.com","Alert Escalated","Alert #920 on EGLV07994 needs human review. AI reason: Cost per kg is $2.3176, 9.06x the peer median of $0.2558, placing it in the ELEVATED_BETWEEN_5X_AND_10X_MEDIAN band.","2026-08-02 00:27:41.221","SENT"
1107,"FRAUD_ESCALATE","compliance@vflogistics.com","Alert Escalated","Alert #921 on MSKU00457 needs human review. AI reason: Cost per kg is $2.3155, 9.05x the peer median of $0.2558, falling into the ELEVATED_BETWEEN_5X_AND_10X_MEDIAN band.","2026-08-02 00:27:50.938","SENT"
1108,"FRAUD_ESCALATE","compliance@vflogistics.com","Alert Escalated","Alert #922 on MSKU00156 needs human review. AI reason: Cost per kg is $2.3099, 9.03x the peer median of $0.2558, placing it in the ELEVATED_BETWEEN_5X_AND_10X_MEDIAN band.","2026-08-02 00:28:01.610","SENT"
1109,"FRAUD_ESCALATE","compliance@vflogistics.com","Alert Escalated","Alert #923 on HLCU07242 needs human review. AI reason: Cost per kg is $2.3079, 9.02x the peer median of $0.2558, placing it in the ELEVATED_BETWEEN_5X_AND_10X_MEDIAN band.","2026-08-02 00:28:10.742","SENT"
1110,"WORKFLOW_RUN","system","Detection throttled - triage queue saturated","No new alerts created: open queue 188 has reached the limit 60.","2026-08-02 00:35:27.363","SENT"
1111,"FRAUD_ESCALATE","compliance@vflogistics.com","Alert Escalated","Alert #708 on MAEU2026011 needs human review. AI reason: Cost per kg is not computable and the container number contains prohibited characters.","2026-08-02 00:39:52.433","SENT"
1112,"WORKFLOW_RUN","system","Detection throttled - triage queue saturated","No new alerts created: open queue 108 has reached the limit 60.","2026-08-02 01:02:04.498","SENT"
1113,"WORKFLOW_RUN","system","Detection scan completed","New alerts: 24. Open HIGH severity: 0. Thresholds - p99 charges $8406, p99 weight 44202kg, median cost/kg $0.2557.","2026-08-02 01:36:30.273","SENT"
1114,"WORKFLOW_RUN","system","Detection throttled - triage queue saturated","No new alerts created: open queue 63 has reached the limit 60.","2026-08-02 01:37:27.208","SENT"
1115,"FRAUD_BLOCK","compliance@vflogistics.com","Shipment Blocked","BLOCKED: Shipment TESTFIXTURE-SHELLCO-01 blocked due to fraud alert #310. AI reason: BLOCK due to suspicious counterparty names: 'SUSPICIOUS TRADING CO' and 'SHELL CORP INTL'.","2026-08-02 01:37:34.217","SENT"
1116,"FRAUD_BLOCK","compliance@vflogistics.com","Shipment Blocked","BLOCKED: Shipment TESTFIXTURE-SHELLCO-02 blocked due to fraud alert #408. AI reason: Counterparty names indicate shell/front companies (SUSPICIOUS TRADING CO, SHELL CORP INTL).","2026-08-02 01:37:41.480","SENT"
1200,"WORKFLOW_RUN","system","Detection throttled - triage queue saturated","No new alerts created: open queue 62 has reached the limit 60.","2026-08-02 03:23:36.433","SENT"
1201,"FRAUD_BLOCK","compliance@vflogistics.com","Shipment Blocked","BLOCKED: Shipment TESTFIXTURE-SHELLCO-01 blocked due to fraud alert #310. AI reason: BLOCK due to suspicious counterparty names: 'SUSPICIOUS TRADING CO' and 'SHELL CORP INTL'.","2026-08-02 03:23:44.074","SENT"
1202,"FRAUD_BLOCK","compliance@vflogistics.com","Shipment Blocked","BLOCKED: Shipment TESTFIXTURE-SHELLCO-02 blocked due to fraud alert #408. AI reason: BLOCK due to suspicious counterparty names: SUSPICIOUS TRADING CO and SHELL CORP INTL.","2026-08-02 03:23:51.270","SENT"
1500,"WORKFLOW_RUN","system","Detection scan completed","New alerts: 24. Open HIGH severity: 0. Thresholds - p99 charges $8406, p99 weight 44202kg, median cost/kg $0.2557.","2026-08-16 21:34:25.461","SENT"
1501,"WORKFLOW_RUN","system","Detection throttled - triage queue saturated","No new alerts created: open queue 82 has reached the limit 60.","2026-08-16 22:55:46.625","SENT"
1502,"WORKFLOW_RUN","system","Detection throttled - triage queue saturated","No new alerts created: open queue 81 has reached the limit 60.","2026-08-16 23:22:16.706","SENT"
800,"WORKFLOW_RUN","system","Detection completed","New alerts: 15. HIGH open: 0","2026-08-17 22:32:05.881","SENT"
900,"WORKFLOW_RUN","system","Detection completed","New alerts: 8. HIGH open: 0","2026-08-18 06:48:19.959","SENT"
1000,"WORKFLOW_RUN","system","Detection throttled","New alerts: 0. HIGH open: 0","2026-08-18 06:51:14.103","SENT"
901,"WORKFLOW_RUN","system","Detection throttled","New alerts: 0. HIGH open: 0","2026-08-18 06:56:14.239","SENT"
1001,"WORKFLOW_RUN","system","Detection throttled","New alerts: 0. HIGH open: 0","2026-08-18 07:01:14.100","SENT"
1002,"WORKFLOW_RUN","system","Detection completed","New alerts: 8. HIGH open: 0","2026-08-18 07:06:16.372","SENT"
1003,"WORKFLOW_RUN","system","Detection throttled","New alerts: 0. HIGH open: 0","2026-08-18 07:11:13.749","SENT"
1004,"WORKFLOW_RUN","system","Detection throttled","New alerts: 0. HIGH open: 0","2026-08-18 07:16:14.100","SENT"
902,"WORKFLOW_RUN","system","Detection throttled","New alerts: 0. HIGH open: 0","2026-08-18 07:21:13.976","SENT"
1005,"WORKFLOW_RUN","system","Detection throttled","New alerts: 0. HIGH open: 0","2026-08-18 07:26:14.076","SENT"
903,"WORKFLOW_RUN","system","Detection throttled","New alerts: 0. HIGH open: 0","2026-08-18 07:26:16.632","SENT"
1006,"FRAUD_ESCALATE","compliance@vflogistics.com","Alert Escalated","Alert #1240 on OOLU03753 - The cost per kg band is ELEVATED_BETWEEN_5X_AND_10X_MEDIAN, which mandates escalation for human judgment.","2026-08-18 07:26:23.455","SENT"
904,"FRAUD_ESCALATE","compliance@vflogistics.com","Alert Escalated","Alert #1240 on OOLU03753 - The cost per kg band is ELEVATED_BETWEEN_5X_AND_10X_MEDIAN, which mandates escalation for human judgment.","2026-08-18 07:26:30.745","SENT"
905,"WORKFLOW_RUN","system","Detection throttled","New alerts: 0. HIGH open: 0","2026-08-18 07:27:31.376","SENT"
906,"FRAUD_ESCALATE","compliance@vflogistics.com","Alert Escalated","Alert #1241 on HLCU07804 - Cost per kg is elevated and falls within the ELEVATED_BETWEEN_5X_AND_10X_MEDIAN band.","2026-08-18 07:27:38.359","SENT"
1007,"WORKFLOW_RUN","system","Detection throttled","New alerts: 0. HIGH open: 0","2026-08-18 07:31:14.143","SENT"
1008,"FRAUD_ESCALATE","compliance@vflogistics.com","Alert Escalated","Alert #1242 on OOLU00187 - ELEVATED_BETWEEN_5X_AND_10X_MEDIAN cost band","2026-08-18 07:31:23.720","SENT"
907,"WORKFLOW_RUN","system","Detection throttled","New alerts: 0. HIGH open: 0","2026-08-18 07:36:14.292","SENT"
908,"FRAUD_ESCALATE","compliance@vflogistics.com","Alert Escalated","Alert #1243 on YMLU08226 - Cost per kg is ELEVATED_BETWEEN_5X_AND_10X_MEDIAN","2026-08-18 07:36:22.311","SENT"
1100,"WORKFLOW_RUN","system","Detection completed","New alerts: 8. HIGH open: 0","2026-08-18 07:41:17.473","SENT"
1101,"FRAUD_ESCALATE","compliance@vflogistics.com","Alert Escalated","Alert #1400 on EGLV08541 - The cost per kg band is ELEVATED, which mandates escalation for human judgment.","2026-08-18 07:41:27.001","SENT"
1009,"WORKFLOW_RUN","system","Detection throttled","New alerts: 0. HIGH open: 0","2026-08-18 07:46:13.991","SENT"
1010,"FRAUD_ESCALATE","compliance@vflogistics.com","Alert Escalated","Alert #1401 on ONEY09472 - Cost per kg is elevated and requires human judgment.","2026-08-18 07:46:28.002","SENT"
1011,"WORKFLOW_RUN","system","Detection throttled","New alerts: 0. HIGH open: 0","2026-08-18 07:48:18.051","SENT"
1012,"WORKFLOW_RUN","system","Detection throttled","New alerts: 0. HIGH open: 2","2026-08-18 07:51:13.920","SENT"
1013,"FRAUD_ESCALATE","compliance@vflogistics.com","Alert Escalated","Alert #1402 on EGLV07306 - Cost per kg is elevated and requires human judgment.","2026-08-18 07:51:21.049","SENT"
1102,"WORKFLOW_RUN","system","Detection throttled","New alerts: 0. HIGH open: 2","2026-08-18 07:56:14.132","SENT"
1103,"FRAUD_ESCALATE","compliance@vflogistics.com","Alert Escalated","Alert #1403 on MAEU01432 - Cost per kg is elevated and requires human judgment.","2026-08-18 07:56:40.162","SENT"
1014,"WORKFLOW_RUN","system","Detection throttled","New alerts: 0. HIGH open: 2","2026-08-18 08:01:14.096","SENT"
1015,"FRAUD_ESCALATE","compliance@vflogistics.com","Alert Escalated","Alert #1404 on CMDU09820 - ELEVATED_BETWEEN_5X_AND_10X_MEDIAN","2026-08-18 08:03:41.037","SENT"
1016,"WORKFLOW_RUN","system","Detection throttled","New alerts: 0. HIGH open: 2","2026-08-18 08:06:13.874","SENT"
1017,"FRAUD_ESCALATE","compliance@vflogistics.com","Alert Escalated","Alert #1405 on OOLU00878 - ELEVATED_BETWEEN_5X_AND_10X_MEDIAN","2026-08-18 08:06:22.487","SENT"
1018,"WORKFLOW_RUN","system","Detection throttled","New alerts: 0. HIGH open: 2","2026-08-18 08:11:14.192","SENT"
1019,"FRAUD_ESCALATE","compliance@vflogistics.com","Alert Escalated","Alert #1406 on HLCU04594 - The cost per kg is elevated, requiring human judgement.","2026-08-18 08:11:33.074","SENT"
1020,"WORKFLOW_RUN","system","Detection throttled","New alerts: 0. HIGH open: 2","2026-08-18 08:16:14.101","SENT"
1021,"FRAUD_ESCALATE","compliance@vflogistics.com","Alert Escalated","Alert #1407 on EGLV07522 - The cost per kg band is ELEVATED_BETWEEN_5X_AND_10X_MEDIAN, which mandates escalation for human judgment.","2026-08-18 08:16:22.859","SENT"
1104,"WORKFLOW_RUN","system","Detection completed","New alerts: 8. HIGH open: 2","2026-08-18 08:22:04.966","SENT"
1105,"FRAUD_ESCALATE","compliance@vflogistics.com","Alert Escalated","Alert #1408 on OOLU00578 - Cost per kg is elevated and falls between 5x and 10x the median.","2026-08-18 08:22:12.822","SENT"
1301,"WORKFLOW_RUN","system","Detection completed","New alerts: 8. HIGH open: 4","2026-08-18 22:10:05.092","SENT"
